year,consumo_gasolina
1990,1991.522
1991,2068.09
1992,2119.689
1993,2155.189655
1994,2198.52761
1995,2133.828096
1996,2192.990558
1997,2261.870845
1998,2325.139082
1999,2314.034875
2000,2341.183765
2001,2309.715817
2002,2299.888673
2003,2386.788149
2004,2535.460887
2005,2551.788181
2006,2653.164108
2007,2846.847988
2008,2966.538223
2009,2823.078077
2010,2866.788966
2011,2898.975127
2012,2897.33798
2013,2840.206216
2014,2810.456517
2015,2963.981888
2016,3098.912155
2017,2937.904691
