year,importacion_gasolina
1991,140.786
1992,168.231
1993,172.761
1994,147.434
1995,137.335
1996,141.01
1997,243.098
1998,274.443
1999,195.507
2000,169.937
2001,254.142
2002,176.222289
2003,128.472526
2004,210.316093
2005,354.599548
2006,399.006595
2007,587.254965
2008,645.37498
2009,624.14022
2010,761.696668
2011,815.732671
2012,755.482046
2013,713.793888
2014,711.474025
2015,810.81735
2016,978.839886
2017,1061.002581
